Title:,"Vehicles in Fatal Crashes, by Vehicle Make / Model Year from the Fatal Traffic Accidents: Vehicles Involved Database",,,,,,,,,,,,,,,
SubTitle:,USA - Model: All Models - Vehicle Year: All Vehicle Years,,,,,,,,,,,,,,,
Time:,01/1975 - 12/2020,,,,,,,,,,,,,,,
Unit of Measure:,#,#,#,#,#,#,#,#,#,#,#,#,#,#,#,#
Citation:,"National Highway Traffic Safety Administration (2022-05-06). Fatal Traffic Accidents: Vehicles Involved: Vehicles in Fatal Crashes, by Vehicle Make / Model Year | All Types | Automobiles | Motorcycles | All Makes | Audi | BMW | Chevrolet | Ford | Jeep/Kaiser-Jeep/Willys-Jeep | Lexus | All Models | All Vehicle Years, 01/1975 - 12/2020. Data Planet? Statistical Datasets: A SAGE Publishing Resource. (Dataset). Dataset-ID:  023-004-006 doi:https://doi.org/10.6068/DP1845DD3647B44",,,,,,,,,,,,,,,
ColumnCount:,17,,,,,,,,,,,,,,,
RowCount:,552,,,,,,,,,,,,,,,
,,,,,,,,,,,,,,,,
Time,"All Types, All Makes, All Models, All Vehicle Years, #","All Types, Audi, All Models, All Vehicle Years, #","All Types, BMW, All Models, All Vehicle Years, #","All Types, Chevrolet, All Models, All Vehicle Years, #","All Types, Ford, All Models, All Vehicle Years, #","All Types, Jeep/Kaiser-Jeep/Willys-Jeep, All Models, All Vehicle Years, #","All Types, Lexus, All Models, All Vehicle Years, #","Automobiles, All Makes, All Models, All Vehicle Years, #","Automobiles, Audi, All Models, All Vehicle Years, #","Automobiles, BMW, All Models, All Vehicle Years, #","Automobiles, Chevrolet, All Models, All Vehicle Years, #","Automobiles, Ford, All Models, All Vehicle Years, #","Automobiles, Jeep/Kaiser-Jeep/Willys-Jeep, All Models, All Vehicle Years, #","Automobiles, Lexus, All Models, All Vehicle Years, #","Motorcycles, All Makes, All Models, All Vehicle Years, #","Motorcycles, BMW, All Models, All Vehicle Years, #"
Jan-75,7606,2,,1758,1624,,,7446,2,,1734,1598,,,,
Feb-75,7018,6,,1632,1396,,,6920,6,,1622,1392,,,,
Mar-75,8156,6,,1876,1722,,,8002,6,,1856,1694,,,,
Apr-75,8144,8,,1832,1604,,,7952,8,,1810,1578,,,,
May-75,9964,4,,2196,1936,,,9682,4,,2162,1886,,,,
Jun-75,10114,10,,2278,1860,,,9830,10,,2246,1824,,,,
Jul-75,10462,10,,2358,2014,,,10188,10,,2342,1980,,,,
Aug-75,10742,4,,2420,2044,2,,10450,4,,2384,2002,,,,
Sep-75,9750,,,2226,1964,,,9490,,,2174,1912,,,,
Oct-75,9916,8,,2248,1998,,,9614,8,,2190,1954,,,,
Nov-75,9722,4,,2378,2034,,,9470,4,,2336,1976,,,,
Dec-75,9468,8,,2316,1954,,,9264,8,,2280,1914,,,,
Jan-76,7498,4,,1720,1528,,,7342,4,,1704,1488,,,,
Feb-76,7402,6,,1788,1618,,,7248,6,,1762,1594,,,,
Mar-76,7868,10,,1776,1578,,,7698,10,,1758,1554,,,,
Apr-76,8682,2,,2078,1692,,,8464,2,,2026,1670,,,,
May-76,10150,4,,2260,2002,,,9930,4,,2228,1962,,,,
Jun-76,9750,10,,2100,1910,,,9494,10,,2082,1856,,,,
Jul-76,11222,8,,2444,2188,,,10956,8,,2414,2158,,,,
Aug-76,10714,16,,2312,2148,,,10506,14,,2296,2114,,,,
Sep-76,9900,12,,2228,1974,,,9736,12,,2210,1944,,,,
Oct-76,10506,14,,2378,2034,,,10282,14,,2352,1986,,,,
Nov-76,8676,12,,2114,1860,,,8512,10,,2092,1840,,,,
Dec-76,9800,16,,2346,1960,,,9668,16,,2324,1936,,,,
Jan-77,7026,4,4,1542,1448,,,6916,4,,1526,1438,,,,
Feb-77,7342,12,4,1638,1552,,,7202,12,4,1618,1538,,,,
Mar-77,8820,16,20,1928,1916,,,8658,16,20,1894,1890,,,,
Apr-77,9358,14,14,2134,1856,,,9216,14,14,2114,1834,,,,
May-77,10172,8,26,2326,1978,,,10022,8,26,2308,1946,,,,
Jun-77,10940,14,14,2404,2034,,,10702,14,14,2378,1992,,,,
Jul-77,12304,16,18,2670,2320,,,12008,16,18,2620,2280,,,,
Aug-77,11718,16,34,2622,2258,,,11528,16,34,2598,2224,,,,
Sep-77,10670,18,24,2310,2018,2,,10430,18,24,2278,1972,,,,
Oct-77,11464,24,34,2594,2320,,,11248,24,32,2570,2296,,,,
Nov-77,10518,16,18,2364,2246,,,10346,16,18,2344,2200,,,,
Dec-77,10698,10,16,2502,2182,,,10556,10,14,2480,2156,,,,
Jan-78,7140,10,12,1638,1446,36,,7010,10,12,1620,1438,28,,,
Feb-78,6914,10,8,1480,1460,46,,6748,10,8,1466,1450,26,,,
Mar-78,9068,6,12,2034,1790,64,,8936,6,12,2030,1774,50,,,
Apr-78,9946,10,16,2280,2006,68,,9788,10,16,2272,1982,58,,,
May-78,11122,8,18,2402,1952,94,,10908,8,18,2396,1928,64,,,
Jun-78,11918,14,18,2490,2246,60,,11664,14,18,2474,2216,40,,,
Jul-78,12576,18,16,2670,2276,120,,12250,18,16,2652,2230,90,,,
Aug-78,12632,8,24,2794,2290,84,,12404,8,24,2782,2268,60,,,
Sep-78,12204,14,20,2790,2358,86,,11972,14,20,2770,2328,68,,,
Oct-78,12038,14,32,2754,2424,104,,11788,14,32,2730,2392,78,,,
Nov-78,11308,22,18,2576,2304,82,,11140,22,18,2560,2296,68,,,
Dec-78,11422,12,16,2658,2324,94,,11214,12,16,2646,2308,76,,,
Jan-79,8192,22,8,1778,1590,76,,8080,22,8,1774,1582,66,,,
Feb-79,8318,20,12,1854,1704,62,,8194,20,12,1846,1686,52,,,
Mar-79,10402,16,12,2380,1958,60,,10254,16,12,2374,1948,48,,,
Apr-79,10404,12,18,2400,1898,82,,10258,12,18,2392,1880,70,,,
May-79,10982,10,18,2358,1980,96,,10802,10,18,2346,1962,72,,,
Jun-79,11226,8,32,2254,2038,122,,10968,8,32,2240,2018,100,,,
Jul-79,11802,14,24,2418,2090,106,,11596,14,24,2406,2064,82,,,
Aug-79,11882,20,24,2460,2248,122,,11716,20,24,2436,2230,104,,,
Sep-79,11684,14,26,2628,2252,92,,11556,14,26,2616,2234,82,,,
Oct-79,11750,18,18,2722,2182,104,,11590,18,18,2716,2160,86,,,
Nov-79,11124,6,12,2532,2168,102,,10958,6,12,2516,2150,84,,,
Dec-79,11758,18,34,2722,2340,142,,11632,18,34,2706,2330,132,,,
Jan-80,8668,16,16,1920,1794,82,,8600,16,16,1916,1784,82,,,
Feb-80,8194,2,6,1874,1560,66,,8126,2,6,1872,1556,64,,,
Mar-80,9070,10,20,2032,1768,84,,8994,10,20,2024,1758,84,,,
Apr-80,9452,10,10,1920,1806,88,,9358,10,10,1920,1792,88,,,
May-80,11248,12,30,2376,2042,96,,11146,12,30,2368,2034,94,,,
Jun-80,11972,14,38,2546,2168,160,,11860,14,38,2534,2156,160,,,
Jul-80,11902,14,30,2496,2074,152,,11788,14,30,2486,2062,152,,,
Aug-80,13202,26,42,2934,2246,146,,13070,26,42,2930,2222,146,,,
Sep-80,11112,10,32,2494,2004,86,,11004,10,32,2482,1990,82,,,
Oct-80,10898,24,22,2382,2050,114,,10790,24,22,2372,2040,112,,,
Nov-80,10608,6,20,2362,2050,124,,10534,6,20,2358,2046,124,,,
Dec-80,10644,36,20,2448,2040,96,,10586,36,20,2444,2032,96,,,
Jan-81,9080,16,30,2096,1756,110,,8888,16,30,2064,1732,96,,,
Feb-81,8682,18,30,1876,1672,52,4,8556,18,30,1852,1654,50,4,,
Mar-81,9312,8,14,2076,1786,54,4,9174,8,12,2064,1766,46,4,,
Apr-81,9872,8,14,2166,1772,90,2,9708,8,12,2154,1752,90,2,,
May-81,10690,16,12,2212,1908,108,2,10528,16,12,2200,1892,100,2,,
Jun-81,11108,14,38,2244,1860,110,6,10904,14,38,2222,1840,100,6,,
Jul-81,11952,26,36,2446,1998,136,,11728,26,36,2424,1982,120,,,
Aug-81,12442,20,28,2450,2190,140,2,12218,20,26,2434,2170,126,2,,
Sep-81,10852,14,24,2156,2006,110,,10660,14,24,2144,1984,106,,,
Oct-81,10900,28,22,2424,2008,98,2,10734,28,22,2402,1994,92,2,,
Nov-81,10162,16,16,2260,1928,90,4,10008,16,16,2234,1906,78,4,,
Dec-81,10346,16,22,2260,1974,86,2,10222,16,22,2256,1956,80,2,,
Jan-82,7652,6,14,1702,1412,88,2,7542,6,14,1700,1412,86,2,,
Feb-82,7282,12,18,1580,1254,66,,7202,12,18,1580,1254,64,,,
Mar-82,8612,26,24,1820,1550,70,4,8514,26,24,1820,1550,70,4,,
Apr-82,9158,10,28,1974,1562,82,,9080,10,28,1974,1562,80,,,
May-82,9886,6,20,2024,1612,92,4,9776,6,20,2020,1612,92,4,,
Jun-82,9872,20,30,2080,1690,94,4,9750,20,30,2080,1690,90,4,,
Jul-82,10698,8,46,2130,1798,108,,10532,8,46,2130,1798,102,,,
Aug-82,10696,18,24,2124,1888,124,2,10554,18,24,2122,1886,120,2,,
Sep-82,10006,22,34,2176,1702,72,10,9892,22,34,2176,1702,70,10,,
Oct-82,10364,14,26,2234,1868,86,4,10242,14,26,2234,1868,82,4,,
Nov-82,9114,8,18,1948,1592,120,,9006,8,18,1948,1590,120,,,
Dec-82,9570,16,28,2100,1728,78,2,9454,16,28,2100,1728,78,2,,
Jan-83,7440,14,16,1546,1436,52,,7346,14,16,1546,1434,52,,,
Feb-83,7056,14,18,1554,1308,58,2,6966,14,18,1552,1306,58,2,,
Mar-83,7848,16,30,1614,1514,72,2,7758,16,30,1614,1514,72,2,,
Apr-83,8428,4,24,1798,1530,88,2,8304,4,24,1798,1530,86,2,,
May-83,9382,16,24,1884,1614,98,6,9282,16,24,1884,1608,96,6,,
Jun-83,9546,8,28,1908,1688,104,4,9460,8,28,1908,1686,102,4,,
Jul-83,10548,16,32,2152,1816,102,8,10380,16,32,2150,1814,100,8,,
Aug-83,10620,26,22,2150,1804,132,,10498,26,22,2150,1802,130,,,
Sep-83,10282,16,26,2018,1730,90,2,10140,16,26,2018,1730,84,2,,
Oct-83,10244,24,18,2262,1704,68,8,10106,24,18,2262,1704,66,8,,
Nov-83,9386,26,16,1994,1742,66,4,9262,26,16,1992,1740,66,4,,
Dec-83,9432,24,12,1998,1598,64,4,9314,24,12,1998,1596,64,4,,
Jan-84,7586,10,14,1530,1450,84,4,7498,10,14,1530,1450,78,4,,
Feb-84,7416,18,18,1562,1292,56,4,7362,18,18,1562,1292,54,4,,
Mar-84,8610,18,22,1772,1510,54,6,8544,18,22,1772,1510,52,6,,
Apr-84,8470,10,22,1672,1456,56,,8398,10,22,1672,1456,56,,,
May-84,9878,14,30,1852,1790,80,4,9784,14,30,1850,1790,76,4,,
Jun-84,10776,16,28,2012,1818,88,4,10706,16,28,2012,1818,88,4,,
Jul-84,10972,18,28,2086,1874,116,4,10892,18,28,2086,1874,116,4,,
Aug-84,11124,20,26,2092,1768,84,,11010,20,26,2092,1766,84,,,
Sep-84,10718,16,34,2178,1784,90,,10622,16,34,2178,1784,90,,,
Oct-84,10576,14,24,2126,1810,86,4,10494,14,24,2126,1808,84,4,,
Nov-84,9834,16,30,2036,1888,100,,9736,16,30,2036,1888,96,,,
Dec-84,9984,28,10,2016,1780,76,4,9882,28,10,2016,1780,76,4,,
Jan-85,8092,14,20,1654,1438,80,,8026,14,20,1652,1438,78,,,
Feb-85,7320,14,24,1552,1334,66,,7242,14,24,1552,1334,62,,,
Mar-85,8614,22,18,1796,1398,86,2,8540,22,18,1796,1398,84,2,,
Apr-85,9220,14,32,1886,1574,94,2,9154,14,32,1884,1574,92,2,,
May-85,10412,18,26,2020,1762,100,2,10356,18,26,2020,1762,94,2,,
Jun-85,10958,12,32,2208,1762,136,6,10888,12,32,2208,1762,134,6,,
Jul-85,10780,16,28,2118,1700,86,2,10694,16,28,2118,1700,84,2,,
Aug-85,11314,24,38,2172,1892,98,2,11220,24,38,2170,1892,98,2,,
Sep-85,10068,12,22,2070,1882,74,,9992,12,22,2068,1878,72,,,
Oct-85,10240,14,44,2108,1824,90,4,10150,14,44,2108,1824,88,4,,
Nov-85,10158,12,28,2076,1864,92,,10056,12,28,2074,1860,88,,,
Dec-85,9366,18,24,1916,1754,84,,9262,18,24,1916,1754,78,,,
Jan-86,8254,8,22,1776,1444,64,2,8170,8,22,1776,1444,62,2,,
Feb-86,7296,10,20,1544,1306,56,4,7248,10,20,1544,1306,54,4,,
Mar-86,8990,16,16,1798,1566,70,10,8918,16,16,1798,1564,64,10,,
Apr-86,9142,28,34,1914,1646,66,2,9078,28,34,1914,1646,56,2,,
May-86,10806,18,42,2090,1900,124,4,10694,18,42,2090,1900,108,4,,
Jun-86,11232,20,28,2144,1944,96,4,11122,20,28,2144,1944,86,4,,
Jul-86,11542,24,38,2180,1906,126,6,11458,24,38,2180,1906,116,6,,
Aug-86,12368,28,20,2426,2050,126,12,12272,28,20,2426,2046,124,12,,
Sep-86,10596,20,34,2086,1748,104,6,10512,20,34,2086,1746,98,6,,
Oct-86,10922,20,32,2190,1908,94,16,10842,20,32,2190,1908,86,16,,
Nov-86,10300,18,34,2106,1786,106,22,10222,18,34,2102,1786,102,22,,
Dec-86,10136,10,20,2042,1810,82,22,10060,10,20,2042,1810,82,22,,
Jan-87,8314,20,34,1712,1474,96,10,8236,20,34,1712,1474,90,10,,
Feb-87,7734,18,20,1624,1420,74,8,7684,18,20,1624,1420,70,8,,
Mar-87,8892,14,20,1824,1470,86,32,8844,14,20,1824,1470,84,32,,
Apr-87,9278,24,32,1904,1520,88,20,9214,24,32,1902,1518,82,20,,
May-87,10670,24,40,2024,1774,90,22,10588,24,40,2022,1774,86,22,,
Jun-87,11024,22,36,2144,1822,108,16,10944,22,36,2144,1822,98,16,,
Jul-87,11324,14,26,2090,1932,120,50,11252,14,26,2090,1932,116,50,,
Aug-87,12316,22,42,2456,2168,126,32,12228,22,42,2456,2168,120,32,,
Sep-87,10970,20,48,2204,1912,104,22,10896,20,48,2204,1912,100,22,,
Oct-87,11780,34,38,2390,2120,96,40,11690,34,38,2390,2120,86,40,,
Nov-87,10692,14,46,2268,1988,96,30,10614,14,46,2266,1988,88,30,,
Dec-87,10678,14,28,2170,1960,122,28,10590,14,28,2168,1960,112,28,,
Jan-88,8550,22,28,1728,1544,108,38,8470,22,28,1728,1544,104,38,,
Feb-88,8082,22,34,1664,1378,58,28,8028,22,34,1664,1378,54,28,,
Mar-88,9260,16,42,1804,1740,90,54,9224,16,42,1804,1740,86,54,,
Apr-88,9808,26,38,2012,1734,100,56,9772,26,38,2012,1734,94,56,,
May-88,10644,18,38,2022,1928,94,68,10592,18,38,2022,1928,92,68,,
Jun-88,11136,10,48,2178,1984,92,50,11100,10,48,2178,1984,90,50,,
Jul-88,11648,12,40,2296,2062,138,58,11574,12,40,2294,2058,130,58,,
Aug-88,11734,20,52,2318,1950,112,68,11682,20,52,2318,1950,108,68,,
Sep-88,11228,26,34,2340,2004,118,54,11142,26,34,2338,2002,108,54,,
Oct-88,11568,26,34,2242,2176,94,74,11502,26,34,2242,2176,90,74,,
Nov-88,10454,20,40,2198,1918,98,62,10410,20,40,2198,1918,96,62,,
Dec-88,11294,24,50,2278,1984,124,60,11232,24,50,2278,1984,124,60,,
Jan-89,9020,28,26,1754,1622,80,54,8942,28,26,1754,1622,72,54,,
Feb-89,7982,12,20,1618,1446,78,62,7934,12,20,1618,1444,74,62,,
Mar-89,9470,10,28,1870,1640,94,46,9420,10,28,1870,1640,92,46,,
Apr-89,9576,8,40,1848,1784,96,60,9538,8,40,1848,1784,90,60,,
May-89,10170,8,50,2014,1824,74,60,10118,8,50,2014,1824,68,60,,
Jun-89,10364,10,40,2010,1844,118,92,10282,10,40,2010,1844,106,92,,
Jul-89,11218,18,48,2158,1914,122,94,11152,18,48,2158,1914,114,94,,
Aug-89,11042,8,26,2152,1946,116,62,10974,8,26,2150,1946,112,62,,
Sep-89,10886,12,46,2242,1978,100,48,10816,12,46,2240,1976,96,48,,
Oct-89,11154,24,18,2202,1964,112,60,11074,24,18,2202,1964,104,60,,
Nov-89,9886,18,34,1922,1858,94,68,9798,18,34,1920,1858,82,68,,
Dec-89,10972,10,44,2118,2074,128,58,10892,10,44,2118,2074,126,58,,
Jan-90,8770,24,26,1762,1666,96,66,8698,24,26,1762,1666,88,66,,
Feb-90,7910,14,24,1480,1436,92,70,7858,14,24,1480,1436,92,70,,
Mar-90,9364,18,26,1876,1704,78,62,9306,18,26,1876,1704,78,62,,
Apr-90,9296,14,20,1810,1650,86,56,9238,14,20,1808,1648,72,56,,
May-90,10112,16,54,1942,1812,96,56,10040,16,54,1942,1812,94,56,,
Jun-90,10726,14,34,2034,1840,92,78,10678,14,34,2034,1840,90,78,,
Jul-90,11324,26,66,2302,2058,122,88,11234,26,66,2302,2056,112,88,,
Aug-90,11130,20,34,2164,1964,114,62,11068,20,34,2164,1964,112,62,,
Sep-90,10544,14,40,1928,1836,112,62,10472,14,40,1926,1836,110,62,,
Oct-90,10176,24,34,1926,1892,120,82,10118,24,34,1924,1892,116,82,,
Nov-90,9656,20,42,1858,1772,114,78,9602,20,42,1858,1772,108,78,,
Dec-90,9576,14,48,1858,1764,118,54,9510,14,48,1858,1760,116,54,,
Jan-91,7338,8,28,1386,1426,82,2,4308,8,28,804,650,,2,72,
Feb-91,7294,8,38,1434,1378,88,2,4318,8,36,822,674,,2,90,
Mar-91,8494,18,26,1706,1474,92,,5128,18,24,956,732,,,138,2
Apr-91,8142,8,24,1686,1498,108,,4716,8,24,1002,690,,,226,
May-91,9586,10,36,1826,1764,96,4,5446,10,32,998,894,,4,428,2
Jun-91,10136,26,32,2008,1834,134,2,5562,26,30,1114,844,,2,444,
Jul-91,10310,20,40,1964,1818,104,2,5552,20,34,1032,808,,2,510,2
Aug-91,10732,14,30,2066,1912,120,4,5924,14,24,1146,870,,4,514,4
Sep-91,9620,8,38,1924,1702,122,2,5410,8,30,1078,806,,2,386,8
Oct-91,9762,4,40,1964,1784,132,2,5500,4,34,1144,852,,2,284,2
Nov-91,9472,32,30,1814,1764,94,2,5630,32,30,1008,822,,2,162,
Dec-91,8704,24,32,1684,1726,112,2,5268,24,28,938,886,,2,106,2
Jan-92,7598,10,24,1526,1370,64,8,4496,10,24,844,670,,8,116,
Feb-92,7178,14,38,1450,1314,84,4,4280,14,34,826,606,,4,122,4
Mar-92,7432,12,12,1578,1282,82,2,4420,12,12,926,676,,2,208,
Apr-92,7762,8,26,1536,1354,74,4,4388,8,22,800,664,,4,312,4
May-92,9096,22,46,1790,1512,90,4,5158,22,36,1040,694,,4,484,2
Jun-92,9510,14,48,1872,1668,116,8,5228,14,40,996,790,,8,504,6
Jul-92,9340,8,32,1726,1736,122,2,5128,8,26,946,814,,2,410,
Aug-92,9832,18,44,1922,1818,110,6,5462,18,28,1052,868,,6,498,6
Sep-92,8694,10,30,1806,1602,96,4,4704,10,24,936,708,,4,386,6
Oct-92,10104,8,28,2060,1766,104,2,5788,8,26,1110,848,,2,306,
Nov-92,8796,8,18,1710,1646,66,4,5238,8,16,936,730,,4,192,
Dec-92,9112,14,46,1702,1776,116,2,5434,14,42,948,824,,2,96,
Jan-93,7498,16,40,1502,1374,78,4,4410,16,40,844,642,,4,134,
Feb-93,6994,6,18,1322,1234,80,4,4148,6,18,780,590,,4,142,
Mar-93,7946,14,30,1496,1410,108,2,4578,14,28,832,640,,2,234,2
Apr-93,8102,16,26,1500,1458,118,4,4578,16,24,856,674,,4,430,2
May-93,9308,12,34,1826,1674,106,4,5188,12,32,966,720,2,4,606,2
Jun-93,9070,12,66,1708,1614,128,6,4946,12,54,876,708,,6,560,12
Jul-93,10202,10,36,1938,1820,124,8,5494,10,30,1020,834,,8,736,6
Aug-93,10268,8,36,1958,1734,134,8,5412,8,28,1086,736,,8,726,8
Sep-93,9548,10,38,1820,1706,118,6,5122,10,30,954,756,,6,616,8
Oct-93,10300,22,44,1900,1918,120,14,5994,22,36,1088,926,,14,418,8
Nov-93,9292,20,46,1722,1794,102,4,5308,20,44,868,808,,4,212,2
Dec-93,9026,12,30,1764,1764,118,6,5338,12,30,1002,850,,6,130,
Jan-94,7634,6,26,1524,1476,92,6,4264,6,26,760,694,,6,132,
Feb-94,7102,6,26,1344,1340,96,4,3926,6,22,652,594,,4,156,4
Mar-94,8116,12,36,1608,1456,102,6,4602,12,34,870,688,,6,288,2
Apr-94,8720,10,22,1714,1558,118,4,4838,10,20,916,730,,4,416,2
May-94,9298,14,36,1698,1740,144,8,5078,14,34,850,816,,8,578,2
Jun-94,9214,16,36,1654,1668,120,4,4906,16,32,846,750,,4,548,4
Jul-94,10052,22,48,1912,1866,134,12,5336,22,32,950,760,,12,700,16
Aug-94,10228,4,44,1818,1882,154,10,5484,4,34,892,836,,10,588,10
Sep-94,9624,4,48,1820,1784,106,10,5208,4,34,958,760,,10,504,14
Oct-94,10372,16,38,2012,1960,138,4,5692,16,32,1034,844,,4,440,6
Nov-94,9506,10,22,1748,1868,142,2,5364,10,20,894,898,,2,186,2
Dec-94,9956,16,42,1928,1852,116,2,5850,16,40,1054,862,,2,144,2
Jan-95,8298,12,38,1644,1602,94,8,4634,12,32,866,730,,8,110,4
Feb-95,7494,16,18,1464,1444,102,16,4358,16,16,826,668,,16,142,2
Mar-95,8682,10,34,1646,1672,120,8,4846,10,30,820,770,,8,250,4
Apr-95,8582,8,36,1660,1636,136,8,4840,8,34,882,716,,8,366,2
May-95,9058,12,36,1664,1746,134,4,4932,12,36,852,778,,4,528,
Jun-95,9842,14,50,1852,1700,138,8,5206,14,44,914,746,,8,586,6
Jul-95,10122,14,44,1850,1860,130,16,5360,14,34,878,808,,16,618,10
Aug-95,10852,6,52,1950,2002,112,14,5728,6,44,936,846,,14,648,6
Sep-95,10194,18,26,1928,1862,152,6,5498,18,20,972,792,,6,504,6
Oct-95,10590,20,36,2162,2014,140,18,5672,20,30,1048,878,,18,440,6
Nov-95,9630,12,32,1728,1882,126,20,5360,12,32,820,818,,20,190,
Dec-95,9704,18,48,1850,1854,142,18,5450,18,46,938,754,,18,150,2
Jan-96,8414,6,40,1560,1682,92,4,4452,6,36,710,738,,4,152,4
Feb-96,8074,8,36,1504,1512,130,10,4400,8,30,756,604,,10,162,6
Mar-96,8764,12,24,1650,1642,126,16,4814,12,24,804,734,,16,212,
Apr-96,8952,22,36,1638,1716,124,6,4986,22,30,858,756,,6,370,6
May-96,9318,8,34,1746,1718,120,16,4938,8,30,834,744,,16,490,4
Jun-96,10228,10,50,1826,1826,164,8,5194,10,44,868,764,,8,674,6
Jul-96,9590,6,42,1790,1814,122,12,4998,6,38,858,798,,12,514,4
Aug-96,10570,8,32,1974,2008,188,8,5374,8,24,940,848,,8,628,8
Sep-96,9874,8,34,1864,1812,156,8,5284,8,28,940,796,,8,494,6
Oct-96,10606,12,48,1970,1950,176,12,5732,12,38,1030,848,,12,386,10
Nov-96,10102,16,42,1970,1870,136,10,5590,16,40,946,768,,10,144,2
Dec-96,10202,14,36,1904,1946,150,8,5732,14,36,898,890,,8,118,
Jan-97,8752,10,56,1622,1672,152,6,4830,10,56,848,714,,6,104,
Feb-97,7720,8,26,1404,1546,122,,4186,8,20,714,650,,,164,6
Mar-97,8576,12,34,1558,1622,130,20,4632,12,26,752,688,,20,268,8
Apr-97,8734,4,36,1584,1690,130,14,4652,4,32,804,698,,14,326,2
May-97,10174,12,34,1794,2018,174,14,5328,12,32,870,868,,14,484,2
Jun-97,9908,4,34,1732,1858,144,10,5036,4,22,830,776,,8,604,12
Jul-97,10252,8,36,1878,2010,166,10,5244,8,32,874,828,,10,582,4
Aug-97,10578,4,38,1956,2038,182,12,5394,4,34,966,798,,10,574,4
Sep-97,9432,4,30,1790,1708,156,14,4762,4,24,792,728,,14,464,6
Oct-97,10318,,48,1928,1938,196,12,5388,,42,962,846,,10,430,6
Nov-97,9600,14,42,1798,1914,150,22,5132,14,42,836,796,,20,182,
Dec-97,10076,18,36,1828,2008,194,28,5544,18,36,930,904,,26,126,
Jan-98,8510,4,44,1534,1616,130,6,4514,4,42,754,652,,6,124,2
Feb-98,7700,16,32,1372,1530,122,6,4194,16,30,664,638,,6,146,2
Mar-98,8508,8,36,1504,1666,136,14,4478,8,26,716,680,,14,216,10
Apr-98,8524,2,38,1532,1646,120,12,4446,2,36,688,706,,12,354,2
May-98,9540,10,42,1696,1810,196,12,4798,10,34,792,768,,12,558,8
Jun-98,9544,12,24,1640,1892,188,26,4680,12,20,778,712,,22,508,4
Jul-98,10430,10,52,1782,2016,174,8,5144,10,44,824,796,,8,714,8
Aug-98,10946,12,42,1950,2110,168,16,5358,12,30,910,818,,16,668,12
Sep-98,9826,4,38,1766,1876,144,22,4848,4,36,828,738,,20,538,2
Oct-98,10144,6,48,1794,1944,140,14,5192,6,42,818,838,,10,430,6
Nov-98,9662,10,42,1720,1812,192,8,5046,10,40,720,754,,6,242,2
Dec-98,10510,10,40,2012,2138,206,8,5402,10,34,946,836,,8,162,6
Jan-99,7834,8,30,1450,1516,150,24,4024,8,30,644,610,,22,114,
Feb-99,7424,8,38,1282,1474,144,24,3828,8,34,596,594,,24,180,4
Mar-99,8686,8,26,1678,1630,160,18,4464,8,26,808,666,,16,278,
Apr-99,8588,4,38,1464,1644,158,28,4252,4,28,700,628,,26,428,10
May-99,9988,10,34,1732,1892,138,26,4928,10,32,776,736,,22,562,2
Jun-99,9636,2,32,1698,1832,162,16,4652,2,24,780,722,,12,626,8
Jul-99,10288,14,48,1710,2010,210,26,4766,14,44,748,768,,24,706,4
Aug-99,10722,12,52,1828,2136,194,22,4992,12,44,830,754,,18,700,8
Sep-99,10050,2,46,1696,1934,196,14,4728,2,42,704,716,,12,582,4
Oct-99,10564,10,60,1912,2150,158,32,5126,10,50,816,860,,24,468,10
Nov-99,9876,10,46,1810,1918,166,12,5052,10,44,848,758,,10,270,2
Dec-99,9984,6,52,1782,2076,202,36,5236,6,50,858,866,,26,136,2
Jan-00,4402,5,19,791,866,103,15,2129,5,18,342,312,,14,80,1
Feb-00,3904,2,16,688,808,65,8,1930,2,16,294,319,,4,90,
Mar-00,4369,3,14,748,832,91,10,2119,3,11,345,316,,9,199,3
Apr-00,4639,7,24,802,935,68,13,2332,7,20,357,354,,10,248,4
May-00,4863,6,19,795,894,115,8,2295,6,17,321,321,,6,329,2
Jun-00,5027,5,25,804,911,101,20,2319,5,22,359,328,,13,400,3
Jul-00,5344,5,17,911,1008,99,14,2522,5,17,409,386,,10,401,
Aug-00,5289,4,25,853,1016,81,18,2427,4,21,370,371,,17,428,4
Sep-00,5137,2,23,850,956,98,12,2424,2,17,369,378,,8,347,6
Oct-00,5178,4,21,854,977,98,8,2540,4,19,376,368,,4,251,2
Nov-00,4625,3,25,799,865,84,15,2362,3,22,364,313,,12,119,1
Dec-00,4817,4,25,804,966,104,10,2378,4,22,341,373,,9,82,3
Jan-01,4117,2,19,707,795,78,15,2067,2,17,306,306,,10,73,2
Feb-01,3956,4,24,676,745,72,14,1975,4,24,292,279,,14,97,
Mar-01,4311,5,24,762,813,83,14,2131,5,20,322,316,,13,156,4
Apr-01,4526,4,19,776,832,80,14,2194,4,16,353,323,,10,308,3
May-01,5028,10,20,801,924,90,19,2306,10,14,316,352,,14,357,4
Jun-01,4873,4,23,850,896,95,14,2246,4,19,345,309,,11,402,4
Jul-01,5229,3,24,878,997,97,15,2398,3,17,379,367,,11,441,7
Aug-01,5373,6,20,888,996,79,13,2471,6,15,366,361,,13,425,4
Sep-01,4930,6,20,782,940,98,17,2275,6,16,337,353,,12,388,4
Oct-01,5304,7,27,857,974,103,16,2524,7,22,335,353,,15,271,5
Nov-01,5104,4,24,905,972,93,17,2440,4,22,341,388,,13,200,2
Dec-01,5167,5,27,930,1007,94,18,2561,5,22,373,388,,16,142,4
Jan-02,4567,5,20,789,880,105,12,2256,5,16,338,328,,6,102,2
Feb-02,4034,2,24,719,766,96,11,1974,2,22,296,279,,9,127,2
Mar-02,4727,4,20,790,919,93,12,2284,4,19,332,336,,12,184,1
Apr-02,4455,3,24,743,844,105,14,2142,3,18,317,357,,13,259,4
May-02,5008,5,22,795,923,103,11,2317,5,16,314,354,,11,374,5
Jun-02,5155,7,21,799,949,97,13,2291,7,16,304,324,,12,451,4
Jul-02,5262,3,29,871,986,104,12,2369,3,23,343,354,,9,431,6
Aug-02,5314,6,22,863,954,103,16,2310,6,19,316,324,,15,482,2
Sep-02,5109,2,28,845,949,98,14,2330,2,24,352,301,,13,431,4
Oct-02,5154,2,28,865,955,118,22,2406,2,24,335,360,,20,249,1
Nov-02,4796,5,19,822,887,106,10,2313,5,17,343,302,,9,178,1
Dec-02,4845,9,21,826,918,109,25,2383,9,20,348,326,,23,93,1
Jan-03,4167,2,18,698,815,102,14,1947,2,18,263,271,,11,85,
Feb-03,3809,2,9,626,748,76,12,1778,2,7,253,268,,9,98,
Mar-03,4370,3,22,732,823,96,18,2042,3,19,303,288,,15,216,3
Apr-03,4812,7,23,809,920,97,11,2194,7,16,324,327,,8,376,7
May-03,4924,6,25,801,903,95,12,2250,6,23,330,335,,10,373,2
Jun-03,5126,8,23,823,905,117,25,2253,8,21,333,319,,23,460,1
Jul-03,5373,3,30,842,943,115,23,2276,3,21,326,330,,19,509,8
Aug-03,5574,7,36,909,1009,118,16,2390,7,31,327,344,,11,536,4
Sep-03,5070,9,27,755,925,105,20,2222,9,22,281,314,,16,472,4
Oct-03,5482,5,32,891,1062,113,18,2460,5,25,334,372,,13,351,4
Nov-03,5279,6,28,830,983,136,23,2522,6,27,324,327,,18,198,1
Dec-03,4891,6,24,809,957,105,29,2236,6,22,281,306,,22,128,2
Jan-04,4505,9,16,722,841,109,15,2075,9,15,275,312,,10,125,1
Feb-04,4055,4,24,644,781,92,22,1929,4,23,246,278,,18,145,1
Mar-04,4449,3,19,752,812,95,20,2033,3,16,308,271,,17,270,1
Apr-04,4683,5,25,710,866,89,17,2086,5,20,278,274,,15,366,5
May-04,5152,4,25,819,894,112,33,2203,4,23,307,314,,22,469,1
Jun-04,5145,7,22,793,957,102,16,2131,7,17,298,295,,10,480,3
Jul-04,5294,4,32,819,887,130,19,2182,4,25,308,280,,12,576,7
Aug-04,5419,7,30,787,974,111,23,2199,7,24,278,313,,18,549,6
Sep-04,4910,6,23,784,836,114,19,2032,6,13,301,265,,11,464,8
Oct-04,5231,10,23,826,921,109,20,2283,10,19,317,281,,18,349,3
Nov-04,4849,5,24,799,903,99,26,2224,5,21,301,297,,19,191,2
Dec-04,5037,7,11,827,943,110,22,2311,7,9,317,329,,16,136,1
Jan-05,4298,5,16,711,784,112,22,1968,5,14,261,271,,20,148,1
Feb-05,4011,4,22,651,757,93,22,1812,4,19,240,245,,18,130,1
Mar-05,4411,10,21,680,769,106,23,1959,10,18,260,260,,19,239,3
Apr-05,4914,7,28,758,824,106,22,2054,7,24,278,263,,17,446,2
May-05,5019,5,40,752,911,107,22,2084,5,27,253,293,,14,487,10
Jun-05,5186,3,23,819,871,115,21,2086,3,18,311,252,,18,527,4
Jul-05,5683,9,31,885,959,116,23,2285,9,25,306,295,,15,622,3
Aug-05,5282,8,31,789,911,107,30,2171,8,23,296,310,,23,579,5
Sep-05,5081,3,39,706,914,112,25,2034,3,25,262,273,,18,609,14
Oct-05,5504,10,28,888,995,108,19,2314,10,22,335,323,,14,458,5
Nov-05,5212,5,38,839,935,101,25,2266,5,33,293,299,,18,291,4
Dec-05,4894,8,27,787,950,113,17,2141,8,24,261,278,,8,146,2
Jan-06,4411,5,32,703,788,106,23,1960,5,30,253,255,,17,191,1
Feb-06,4047,5,17,672,701,102,30,1778,5,15,260,215,,19,161,1
Mar-06,4612,6,32,730,793,110,34,1999,6,27,253,256,,22,297,2
Apr-06,4658,7,22,693,763,112,23,1906,7,15,250,242,,19,493,5
May-06,5117,8,43,716,851,113,34,2116,8,33,258,282,,26,575,8
Jun-06,5120,8,21,747,835,108,16,1994,8,15,269,252,,9,589,6
Jul-06,5236,9,35,790,866,121,29,2066,9,23,285,275,,20,652,9
Aug-06,5153,7,19,724,854,114,21,2064,7,16,281,253,,15,613,2
Sep-06,4956,6,26,727,810,118,20,1997,6,19,259,259,,15,555,6
Oct-06,5235,6,38,803,931,132,29,2211,6,36,290,302,,23,360,2
Nov-06,4793,11,30,756,857,115,27,2038,11,27,253,283,,18,300,2
Dec-06,4756,8,33,752,851,111,29,2134,8,30,272,280,,22,176,1
Jan-07,4060,6,29,663,715,106,21,1791,6,24,232,232,,16,138,2
Feb-07,3968,6,24,639,688,95,22,1730,6,21,232,230,,16,151,2
Mar-07,4746,9,24,724,819,108,17,1927,9,18,274,248,,10,392,2
Apr-07,4614,8,34,619,824,108,25,1960,8,28,236,259,1,19,438,3
May-07,4899,7,27,722,793,125,29,1923,7,21,246,279,,24,646,3
Jun-07,4961,8,30,729,794,112,24,1939,8,23,259,252,1,17,626,5
Jul-07,5123,7,27,730,844,123,21,1933,7,17,246,249,1,18,686,9
Aug-07,5029,6,32,709,837,110,28,1909,6,25,212,267,,24,660,6
Sep-07,4753,10,34,712,770,109,26,1808,10,20,263,234,1,17,635,11
Oct-07,4961,4,33,749,770,108,30,2022,4,27,282,233,,23,489,3
Nov-07,4640,7,35,706,802,90,35,1981,7,28,239,255,,23,268,3
Dec-07,4499,8,25,760,811,116,19,1940,8,23,262,260,,14,176,2
Jan-08,3916,5,26,622,684,92,19,1786,5,22,236,232,,13,148,1
Feb-08,3929,5,23,597,655,94,26,1714,5,19,237,222,,17,193,
Mar-08,3834,11,25,616,679,82,15,1661,11,22,217,237,1,9,294,1
Apr-08,4021,2,32,559,675,81,22,1569,2,26,188,189,,15,501,4
May-08,4329,7,26,607,691,77,19,1679,7,16,224,232,,14,613,8
Jun-08,4487,8,28,655,693,93,29,1682,8,20,221,212,,23,698,5
Jul-08,4422,6,21,621,640,91,27,1638,5,17,220,206,,16,717,2
Aug-08,4663,9,33,624,727,111,13,1758,9,27,233,215,,10,745,6
Sep-08,4185,5,40,564,605,122,20,1562,5,31,184,186,1,13,574,7
Oct-08,4512,8,31,641,694,105,21,1871,8,23,243,224,,19,483,3
Nov-08,4151,8,34,680,715,114,19,1781,8,28,245,200,1,16,278,2
Dec-08,4211,3,32,701,736,107,29,1780,3,31,260,213,,22,165,1
Jan-09,3565,5,33,577,639,82,17,1528,5,24,212,201,2,11,144,5
Feb-09,3171,5,23,496,546,78,21,1397,5,19,176,185,1,12,209,3
Mar-09,3459,5,26,569,554,96,18,1418,5,21,203,163,1,15,273,3
Apr-09,3930,8,35,577,607,102,27,1558,7,29,198,169,,19,465,4
May-09,4100,8,34,607,651,92,21,1616,6,27,207,211,2,14,582,5
Jun-09,4013,9,25,590,627,80,23,1541,9,18,207,186,,18,551,2
Jul-09,4083,7,27,589,655,89,17,1470,5,19,192,187,,9,592,4
Aug-09,4196,7,28,612,630,101,27,1617,7,22,218,191,,21,581,3
Sep-09,3869,3,31,556,610,69,12,1538,3,23,217,189,,8,511,6
Oct-09,3857,8,20,618,665,101,33,1615,8,17,213,206,,25,308,2
Nov-09,3720,9,21,562,625,90,31,1593,9,18,193,210,,25,283,2
Dec-09,3577,8,27,562,622,102,27,1523,7,22,193,177,,23,103,1
Jan-10,3107,5,26,451,544,69,21,1371,5,25,155,173,,18,125,
Feb-10,2801,8,22,454,450,63,15,1211,8,17,157,146,,11,110,4
Mar-10,3336,5,19,491,532,70,21,1434,5,17,166,167,1,15,265,
Apr-10,3804,5,42,518,601,86,32,1542,5,32,187,189,2,27,468,6
May-10,3956,7,27,572,559,84,22,1540,7,23,202,172,1,16,551,3
Jun-10,3821,3,20,574,613,90,20,1390,2,14,206,176,,14,587,4
Jul-10,4200,5,45,610,616,95,32,1525,5,28,207,168,,24,619,12
Aug-10,4183,6,32,593,621,89,22,1522,6,23,201,177,,14,629,8
Sep-10,4094,10,29,556,673,107,31,1529,10,21,196,176,,22,526,7
Oct-10,4136,4,35,626,624,91,23,1655,4,26,208,189,,19,442,5
Nov-10,3854,4,25,566,652,103,19,1578,4,20,197,183,,15,214,3
Dec-10,3570,9,21,567,617,97,17,1511,9,14,168,186,,12,115,2
Jan-11,3076,6,27,474,517,64,14,1345,6,24,164,161,2,11,153,2
Feb-11,2868,3,22,441,467,62,18,1167,2,17,145,126,,13,182,4
Mar-11,3311,5,28,507,527,90,19,1341,5,24,176,162,,10,267,3
Apr-11,3508,2,28,523,547,90,20,1433,2,20,195,166,1,17,408,5
May-11,3744,10,32,531,567,97,28,1415,9,28,203,165,1,19,533,3
Jun-11,3937,7,18,554,569,98,19,1446,7,14,193,163,1,13,603,3
Jul-11,4232,11,26,571,636,91,35,1591,9,20,214,184,1,28,652,3
Aug-11,4109,7,25,604,580,96,19,1469,6,17,220,161,1,14,640,7
Sep-11,3824,5,32,505,607,89,25,1458,5,21,193,195,1,20,507,8
Oct-11,4194,6,31,587,632,110,33,1694,5,22,207,174,,28,444,4
Nov-11,3692,11,38,535,568,108,26,1588,11,30,194,163,1,16,235,2
Dec-11,3624,8,20,545,589,90,18,1564,8,18,200,170,1,12,144,1
Jan-12,3330,4,31,526,555,83,27,1454,3,22,183,160,2,21,174,4
Feb-12,3189,7,23,480,529,85,21,1390,7,20,160,188,1,11,161,1
Mar-12,3678,17,24,530,516,103,27,1461,16,21,176,177,2,20,439,2
Apr-12,3548,3,26,498,524,80,22,1435,3,22,192,163,1,14,451,3
May-12,3966,6,36,579,607,102,23,1479,6,23,193,185,1,12,579,10
Jun-12,4131,12,45,576,570,104,26,1500,12,32,179,158,5,19,664,10
Jul-12,4164,12,24,594,656,98,32,1548,11,17,199,191,,23,603,5
Aug-12,4258,9,31,575,617,96,30,1578,8,23,209,172,1,19,623,4
Sep-12,4074,5,36,572,586,100,27,1563,5,21,206,190,1,19,575,12
Oct-12,3997,11,30,590,598,99,32,1608,11,20,223,183,1,21,395,6
Nov-12,3853,12,23,588,608,96,35,1624,12,18,218,154,2,24,276,2
Dec-12,3772,9,32,606,606,96,24,1633,9,28,225,171,1,18,168,1
Jan-13,3416,5,25,522,523,107,32,1424,4,20,173,149,2,26,163,3
Feb-13,2845,6,23,428,453,73,18,1177,6,20,135,120,1,13,135,1
Mar-13,3552,9,41,487,545,82,29,1488,7,32,186,167,2,22,301,4
Apr-13,3464,15,30,453,528,71,21,1399,15,17,172,163,2,17,397,6
May-13,3817,8,35,528,547,92,24,1445,8,28,192,164,1,16,504,3
Jun-13,4009,12,34,519,596,100,26,1481,12,21,187,183,,22,573,7
Jul-13,3933,17,42,573,524,70,25,1453,16,34,191,152,3,19,583,6
Aug-13,4304,18,34,558,583,94,29,1607,17,29,210,160,2,20,695,4
Sep-13,4106,13,39,533,588,92,31,1587,12,27,196,175,1,26,612,10
Oct-13,4135,7,33,617,609,89,24,1622,7,22,225,165,2,16,433,6
Nov-13,3803,6,29,571,590,85,29,1651,6,24,212,179,,19,265,3
Dec-13,3717,10,32,593,550,102,24,1624,9,28,232,169,4,20,137,2
Jan-14,3260,10,26,459,528,74,25,1362,9,21,160,143,1,19,164,2
Feb-14,2802,8,21,432,451,68,22,1192,8,16,160,129,1,17,145,
Mar-14,3374,13,33,463,508,84,23,1379,11,23,165,142,1,18,279,3
Apr-14,3478,6,31,478,513,80,31,1395,6,21,175,158,,22,389,5
May-14,3891,13,35,533,494,94,30,1507,13,24,177,175,,20,564,5
Jun-14,3887,6,40,532,541,87,20,1395,6,28,187,151,,16,621,7
Jul-14,4011,16,30,560,550,82,27,1476,16,24,197,158,,19,590,4
Aug-14,4175,13,49,599,596,110,28,1587,11,35,190,203,2,21,585,10
Sep-14,3897,11,36,537,523,87,28,1480,9,21,187,155,6,19,522,10
Oct-14,4242,10,46,551,637,94,24,1720,9,31,214,189,2,21,422,5
Nov-14,4044,11,40,583,620,120,31,1715,9,30,203,182,5,27,243,3
Dec-14,3889,13,40,575,624,78,39,1688,12,32,196,206,1,25,181,3
Jan-15,3584,10,38,559,560,79,33,1557,7,36,192,168,5,28,167,1
Feb-15,3057,6,25,431,481,77,28,1280,4,21,154,147,1,21,152,2
Mar-15,3721,6,36,580,568,103,22,1537,6,23,213,147,,17,320,9
Apr-15,3741,10,40,512,526,90,40,1489,9,30,190,143,3,27,430,8
May-15,4333,17,33,610,619,102,39,1689,15,25,220,191,,27,575,6
Jun-15,4260,7,44,563,591,110,37,1639,7,27,223,170,3,25,585,13
Jul-15,4628,6,39,641,598,110,45,1714,4,28,232,158,5,33,666,7
Aug-15,4630,13,41,624,639,118,39,1728,9,24,222,195,3,28,647,11
Sep-15,4380,9,41,566,651,116,37,1715,5,32,213,183,3,25,560,8
Oct-15,4610,11,51,620,644,107,27,1849,11,35,245,195,7,20,493,7
Nov-15,4212,16,46,581,634,125,35,1775,12,37,206,199,5,24,269,3
Dec-15,4322,10,51,664,639,93,33,1846,10,43,244,218,1,22,266,3
Jan-16,3483,20,33,501,516,80,35,1521,16,27,167,176,1,27,160,4
Feb-16,3668,10,39,524,532,108,31,1587,7,34,202,174,2,23,243,1
Mar-16,4065,6,33,569,557,122,28,1709,5,22,218,191,4,19,346,4
Apr-16,4172,22,41,564,591,114,47,1649,19,29,186,170,6,36,472,8
May-16,4580,15,44,633,606,96,38,1750,10,35,232,163,5,29,634,7
Jun-16,4721,15,47,637,652,98,49,1809,14,32,230,182,1,28,617,8
Jul-16,4583,10,55,627,614,112,30,1711,8,33,226,173,3,20,653,11
Aug-16,4794,9,44,661,656,113,53,1812,6,34,236,185,,36,635,9
Sep-16,4758,16,44,613,648,92,40,1773,16,26,212,178,3,29,630,14
Oct-16,4933,15,49,651,696,111,45,1978,12,36,241,208,4,30,537,8
Nov-16,4570,17,40,608,668,129,30,1927,14,33,211,198,8,21,344,3
Dec-16,4387,14,53,621,656,102,39,1853,11,42,215,182,4,24,193,3
Jan-17,3988,20,36,580,564,108,39,1734,14,27,200,174,2,27,195,
Feb-17,3487,12,35,543,454,94,26,1467,7,21,191,150,1,19,271,7
Mar-17,4183,10,45,566,611,100,40,1791,9,27,224,181,6,23,328,4
Apr-17,4257,10,45,554,582,125,31,1718,9,32,195,213,3,19,517,7
May-17,4523,14,44,622,590,111,46,1764,13,32,206,164,4,34,537,7
Jun-17,4752,16,48,630,667,122,39,1804,10,30,234,188,9,22,643,13
Jul-17,4980,18,57,663,683,107,38,1819,12,39,231,197,5,23,724,11
Aug-17,4515,11,49,584,624,125,31,1744,10,34,219,194,5,21,586,12
Sep-17,4874,13,51,589,625,135,36,1875,10,36,213,192,4,23,652,12
Oct-17,4726,16,37,604,677,138,39,1809,14,20,214,190,12,29,438,8
Nov-17,4441,13,50,597,680,123,43,1883,11,37,227,219,6,31,283,5
Dec-17,4402,6,48,632,675,123,39,1873,3,33,232,198,8,23,211,4
Jan-18,4056,17,46,578,599,110,38,1749,15,36,228,190,6,27,202,2
Feb-18,3547,9,37,467,479,98,27,1446,6,29,164,133,3,14,217,3
Mar-18,4084,15,37,604,607,113,33,1675,12,27,217,185,2,21,287,6
Apr-18,3985,6,38,536,568,114,33,1644,4,31,189,186,8,19,387,3
May-18,4598,6,43,567,608,113,29,1746,5,28,216,170,5,21,583,11
Jun-18,4648,11,44,581,612,115,38,1669,8,28,197,179,8,22,687,10
Jul-18,4610,17,41,615,626,115,44,1688,12,24,211,190,5,26,637,12
Aug-18,4648,8,35,580,612,130,34,1693,7,23,206,169,5,24,659,7
Sep-18,4600,21,56,635,632,117,48,1778,19,36,242,195,7,39,572,11
Oct-18,4825,21,56,652,725,139,47,1846,13,41,227,218,7,29,450,7
Nov-18,4164,14,30,574,595,121,47,1692,9,24,203,187,4,26,240,3
Dec-18,4107,13,45,566,571,104,46,1717,8,36,211,171,5,33,193,2
Jan-19,3875,12,38,550,558,114,43,1596,7,26,179,153,5,30,147,4
Feb-19,3344,11,24,450,488,116,35,1391,9,19,166,158,4,22,179,
Mar-19,3959,18,38,549,541,107,35,1623,16,30,211,170,7,20,340,2
Apr-19,4072,14,47,549,512,113,38,1538,11,32,187,154,7,28,421,8
May-19,4487,12,53,581,601,105,41,1649,9,33,197,166,5,30,593,12
Jun-19,4535,10,55,611,567,123,40,1622,6,37,209,156,5,26,652,11
Jul-19,4592,13,53,562,619,107,33,1628,9,35,182,182,8,21,666,8
Aug-19,4699,14,47,625,590,128,37,1700,9,33,216,145,4,25,677,7
Sep-19,4674,16,35,603,631,129,39,1645,11,17,206,163,10,27,619,11
Oct-19,4560,12,45,597,662,116,50,1767,12,32,194,195,3,30,397,8
Nov-19,4339,12,53,611,620,128,22,1731,8,38,198,190,12,15,247,4
Dec-19,4111,16,44,594,591,114,38,1696,14,34,169,171,8,25,176,2
Jan-20,3760,17,45,528,541,121,34,1539,11,28,183,165,2,24,165,2
Feb-20,3747,17,46,502,515,120,37,1596,14,32,177,165,7,24,212,4
Mar-20,3548,11,38,477,463,86,38,1441,7,22,185,131,5,25,326,4
Apr-20,3077,10,36,407,383,72,32,1198,9,28,127,122,5,24,365,3
May-20,4267,9,47,564,562,120,38,1588,8,28,188,154,8,32,551,11
Jun-20,5186,20,50,676,665,168,46,1878,15,36,214,220,9,31,707,7
Jul-20,5251,18,72,653,636,147,43,1964,12,51,238,200,5,28,740,8
Aug-20,5426,26,73,655,690,148,47,1991,20,42,215,223,9,25,775,16
Sep-20,5230,15,65,657,673,144,45,1921,11,48,225,196,4,31,703,7
Oct-20,5480,24,65,702,711,155,55,2037,17,46,242,208,11,34,573,4
Nov-20,4784,22,56,639,634,135,44,1903,17,43,226,175,12,25,385,2
Dec-20,4516,14,41,626,584,136,56,1826,12,28,207,167,7,41,213,4
,,,,,,,,,,,,,,,,
,,,,,,,,,,,,,,,,
,,,,,,,,,,,,,,,,
Publisher:," ""National Highway Traffic Safety Administration""",,,,,,,,,,,,,,,
Copyright:," ""The data contained in Data Planet(tm): A SAGE Publishing Resource is made available via license agreement with subscribing organizations. Your organization's license may vary from this version.""",,,,,,,,,,,,,,,
